{
    "sets": [
        {
            "label": "3DP_repos",
            "links": [
                "https://www.thingiverse.com/",
                "https://www.myminifactory.com/",
                "https://cults3d.com/",
                "https://www.printables.com/",
                "https://thangs.com/"
            ] 
        },
        {
            "label": "stock_photos",
            "links": [
                "https://unsplash.com/photos/",
                "https://www.pexels.com/photo/",
                "https://pixabay.com/photos/"
            ] 
        }
    ]
}